,MAE score P1,MAE score P2,loss,learning_rate,batch_size,hidden_sizes,epochs,activation,optimizer,early stopping,dropout,momentum,weight_decay
0,2.318949797323772,2.501616824950491,1.410406413868334,0.01,64,[100],30,sigmoid,sgd,True,0.3,0.1,0.0001
1,2.355103095020868,2.6534669578602883,1.5444291117971978,0.01,32,"[200, 50]",30,sigmoid,sgd,False,0.2,0.9,0.0001
2,2.4098824579103857,2.4335274527558184,2.2428104406261165,0.01,32,"[250, 50]",30,sigmoid,sgd,False,0.4,0.5,0.01
3,2.34523312321731,2.5210323291165486,1.3961264903728778,0.01,64,[250],30,relu,sgd,True,0.2,0.1,0.0001
4,2.3433587614979063,2.4917681366205215,1.388681058700268,0.01,64,[100],30,tanh,sgd,True,0.3,0.1,0.0001
