,MAE score P1,MAE score P2,loss,learning_rate,batch_size,hidden_sizes,epochs,activation,optimizer,early stopping,dropout,momentum,weight_decay
0,2.319351167805427,2.518247076895385,1.562869177103746,0.00505,32,"[250, 50]",30,relu,sgd,False,0.2,0.1,0.0001
1,2.336465631212507,2.6164278302873885,1.6499288252421789,0.002575,512,"[200, 50]",30,sigmoid,sgd,False,0.3,0.9,0.001
2,2.293978695320872,2.500982911185881,1.4107188246594768,0.00505,32,[100],30,relu,sgd,False,0.3,0.5,0.0001
3,2.346843011611331,2.5838086932106354,1.4771844241823069,0.00505,32,"[250, 50]",30,relu,sgd,True,0.2,0.9,0.0001
4,4.287116663796561,2.4763829367501393,2.4949641908918108,0.002575,512,"[250, 50]",30,tanh,sgd,False,0.3,0.5,0.001
