,MAE score P1,MAE score P2,loss,learning_rate,batch_size,hidden_sizes,epochs,activation,optimizer,early stopping,dropout,momentum,weight_decay
0,7.487344196864536,4.1986633368900845,4.298546240443275,0.0001,128,"[250, 50]",30,sigmoid,sgd,False,0.3,0.1,0.01
1,2.780159090246473,2.417843922972679,2.6042244377926256,0.0001,64,"[300, 100]",30,sigmoid,sgd,False,0.4,0.1,0.0001
2,2.722933386053358,2.5094917672021047,2.4745346506436667,0.0001,128,[300],30,relu,sgd,False,0.4,0.5,0.001
3,2.3732270087514604,2.497035047837666,2.3240936811153707,0.0001,64,"[300, 100]",30,tanh,sgd,False,0.3,0.9,0.0001
4,5.799782378332956,2.736905378954752,3.094648857911428,0.0001,128,"[250, 50]",30,tanh,sgd,False,0.4,0.9,0.01
5,10.313859019960676,9.259798969541276,9.577276263918195,0.0001,128,[300],30,tanh,sgd,False,0.4,0.1,0.01
6,10.34498916353498,9.27405309677124,9.59510276431129,0.0001,256,[300],30,tanh,sgd,False,0.2,0.5,0.001
7,9.926653623580933,8.873422818524498,9.252914598002237,0.0001,64,"[250, 50]",30,tanh,sgd,False,0.3,0.1,0.0001
