,MAE score P1,MAE score P2,loss,learning_rate,batch_size,hidden_sizes,epochs,activation,optimizer,early stopping,dropout,momentum,weight_decay
0,2.345663380833854,2.467500439787333,1.576684400922781,0.007525,32,"[200, 50]",30,sigmoid,sgd,False,0.3,0.1,0.0001
1,2.339516684412956,2.5030731856822968,1.407264470701387,0.007525,64,[250],30,tanh,sgd,True,0.4,0.9,0.001
2,2.3126777644668306,2.55372245822634,1.4205232495386926,0.007525,64,[250],30,sigmoid,sgd,True,0.2,0.1,0.001
3,2.3288827453340804,2.504285033260073,2.0129709300204848,0.007525,64,[100],30,tanh,sgd,False,0.2,0.9,0.01
4,2.3257913440465927,2.4861880157675063,1.3711849317042786,0.007525,64,[300],30,tanh,sgd,True,0.2,0.9,0.0001
5,2.3393994991758227,2.5163074035560133,1.4994655012381113,0.007525,32,"[300, 100]",30,sigmoid,sgd,False,0.2,0.1,0.001
6,2.326369598507881,2.473297259637288,1.4401981816489315,0.007525,64,"[250, 50]",30,tanh,sgd,True,0.4,0.5,0.0001
7,2.3272181004285812,2.4915419199637006,1.4234160840864012,0.007525000000000001,64,"[300, 100]",30,tanh,sgd,True,0.2,0.1,0.001
