,MAE score P1,MAE score P2,loss,learning_rate,batch_size,hidden_sizes,epochs,activation,optimizer,early stopping,dropout,momentum,weight_decay
0,2.333726450800896,2.4929401108196805,1.471802935092407,0.00505,64,"[200, 50]",30,sigmoid,sgd,True,0.3,0.9,0.001
1,2.307215537343706,2.5093593512262617,1.5273742434524356,0.00505,128,[100],30,relu,sgd,False,0.4,0.5,0.0001
2,2.3166603595018387,2.5144905064787184,1.7710360464965098,0.00505,64,"[200, 50]",30,relu,sgd,False,0.4,0.1,0.01
3,2.372362854225295,2.5710160859993527,1.356873026260963,0.00505,64,[300],30,tanh,sgd,True,0.2,0.9,0.001
4,2.3425885758229663,2.492959384407316,1.4132682275489945,0.00505,64,"[300, 100]",30,sigmoid,sgd,True,0.3,0.9,0.0001
5,2.336167722940445,2.5067498769078935,1.479305146713934,0.005050000000000001,64,[300],30,relu,sgd,False,0.4,0.1,0.01
