,MAE score P1,MAE score P2,loss,learning_rate,batch_size,hidden_sizes,epochs,activation,optimizer,early stopping,dropout,momentum,weight_decay
0,2.326571771076748,2.472430774143764,1.396916613692329,0.01,256,[250],30,sigmoid,sgd,True,0.3,0.5,0.001
1,2.340526270014899,2.585824966430664,1.378292251200903,0.01,128,"[300, 100]",30,relu,sgd,True,0.2,0.5,0.0001
2,2.2823092256273543,2.517828643321991,1.3676752831254686,0.01,128,[250],30,relu,sgd,True,0.4,0.9,0.001
3,2.3401086245264326,2.501653713839395,1.4113905075050537,0.01,128,"[300, 100]",30,sigmoid,sgd,True,0.4,0.9,0.001
4,2.332067149026053,2.501523051943098,1.41965746595746,0.01,256,[300],30,tanh,sgd,True,0.3,0.9,0.01
5,2.323388057095664,2.519312117780958,1.4202449364321572,0.01,128,"[250, 50]",30,sigmoid,sgd,True,0.3,0.9,0.001
6,2.3229729618344988,2.518939963408879,1.4091984232266743,0.01,128,[250],30,sigmoid,sgd,True,0.3,0.9,0.001
7,2.328452851091112,2.5122998441968645,1.4283782002471743,0.01,128,"[200, 50]",30,tanh,sgd,False,0.2,0.1,0.0001
8,2.345888621040753,2.3882962188550403,2.226524752978037,0.01,64,"[200, 50]",30,tanh,sgd,False,0.2,0.9,0.01
