,MAE score P1,MAE score P2,loss,learning_rate,batch_size,hidden_sizes,epochs,activation,optimizer,early stopping,dropout,momentum,weight_decay
0,8.62355252915779,4.386914700533437,5.41076626749517,0.0001,32,[100],30,tanh,sgd,False,0.3,0.1,0.001
1,2.4140976899493056,2.5889229067658954,1.9757167037609404,0.0001,32,[250],30,tanh,sgd,False,0.3,0.9,0.0001
2,2.406494631176501,2.4673780983528206,2.4064225601938976,0.0001,32,[250],30,sigmoid,sgd,False,0.4,0.5,0.0001
3,2.3350447701141896,2.5176055431365967,1.950180557273482,0.0001,32,"[250, 50]",30,sigmoid,sgd,False,0.2,0.9,0.0001
